Epoch_number, training_objective_function
0,            0.207587
1,            0.194595
2,            0.193141
3,            0.192808
4,            0.192716
