Epoch_number, training_objective_function
0,            0.207514
1,            0.194710
2,            0.193221
3,            0.192864
4,            0.192755
