{"load_time": 11.634174585342407, "train_time": [7839.102321386337, 2229.729964494705, 2188.1992485523224, 2172.13849067688, 2196.395843029022, 2194.9034337997437, 2211.2904760837555, 2215.1952509880066, 2221.5460484027863, 2225.660824537277, 2195.141301870346, 2175.966285467148, 2182.9669277668, 2214.0105180740356, 2196.8424277305603, 2235.0616693496704, 2199.194998025894, 2230.0105328559875, 2310.842456102371, 2342.7794167995453, 2242.9766261577606, 2590.8288803100586, 2236.5716631412506, 2212.8130853176117, 2205.149822473526, 2227.095522880554, 2223.987857580185, 2231.1631672382355, 2213.8572607040405, 2199.749976158142, 2190.5026993751526, 2197.682617664337, 2275.314342737198], "val_time": [283.4480001926422, 212.00554370880127, 216.33721780776978, 214.43043446540833, 215.28026056289673, 215.14428234100342, 213.99644255638123, 211.01192951202393, 212.90389966964722, 210.63396859169006, 211.40893173217773, 212.2110195159912, 213.52541494369507, 210.6939070224762, 213.46071314811707, 209.73860025405884, 210.34235763549805, 212.41014170646667, 267.0789041519165, 212.5268473625183, 214.02364802360535, 213.20322513580322, 215.4055335521698, 207.55972957611084, 212.1681809425354, 212.2677936553955, 219.15024423599243, 209.59826183319092, 212.13093161582947, 209.7319073677063, 211.3979856967926, 208.3234429359436, 222.45364785194397], "train_acc": [0.21092658400536896, 0.3545570065901665, 0.4617242251878583, 0.5317241151683848, 0.5840713806343723, 0.6288740607087454, 0.6691549404244551, 0.7063525243968183, 0.7408298768882092, 0.7740117500797641, 0.8026718229126555, 0.8291892665001706, 0.8515919817807752, 0.871634779355946, 0.8869357376255598, 0.9002150880705885, 0.9100260746152069, 0.9189183985565446, 0.926578504395278, 0.930266907242582, 0.9345906725490412, 0.937855500423575, 0.9379297635681516, 0.9405427260625131, 0.9441788696599298, 0.9437635461476681, 0.9442118755019638, 0.9459419317219148, 0.9439038209763128, 0.9465085320101658, 0.946106960932085, 0.9484778805848635, 0.9499988998052655], "val_acc": [0.234488999490979, 0.36000980336707955, 0.4682238938219935, 0.5321154534999906, 0.5296646117301058, 0.5346040005278736, 0.5634862281545161, 0.5622419546405746, 0.5685952906132761, 0.5630149124295383, 0.5600739023056766, 0.5529853138020097, 0.5539467978809645, 0.5568123974888298, 0.5562845238768547, 0.5542295873159512, 0.5442376939464209, 0.5444073676074128, 0.5515902192560752, 0.5481024828912392, 0.5675206907603265, 0.5610165337556322, 0.5455385253473597, 0.5618837546895915, 0.5542295873159512, 0.5535885979299814, 0.569914974643214, 0.5665403540523726, 0.5667854382293611, 0.5669551118903531, 0.5604132496276606, 0.5532869558659955, 0.5552853345399016], "train_loss": [3.134618163224237, 2.4057627697579353, 1.952251282801743, 1.672753709955464, 1.4707049230279856, 1.3011126375874045, 1.1492150012896192, 1.010325614545908, 0.8813034358934877, 0.7639098899847835, 0.6597273723681173, 0.5660571952643392, 0.4884078465421799, 0.4206913597285066, 0.3695082327711962, 0.32459139541943, 0.2918142831319236, 0.26510782964702034, 0.2398500482151257, 0.22836752660025636, 0.21574497714775104, 0.2053562553717183, 0.20523110928420155, 0.19621502876129604, 0.18612433847874701, 0.18764741205779353, 0.18654101530686376, 0.18195206870250646, 0.18734067562778028, 0.1798052491573953, 0.1806310920801838, 0.17397645601431913, 0.16942479317101913], "val_loss": [3.1461587222012164, 2.490504342150415, 1.9460083085805429, 1.69295438058198, 1.7778512264351363, 1.783567431231172, 1.6444819335914491, 1.6745784079388628, 1.6927747586011814, 1.8794658747203963, 1.880910275029906, 1.9301411220478062, 1.989012798184329, 2.0567371003392667, 2.1075808528284976, 2.1322426890417376, 2.2829431571848287, 2.2394834200484257, 2.2200430839966234, 2.325802054638167, 2.1174414790942095, 2.1747349685797213, 2.2316328325231343, 2.284019297867366, 2.173074273709365, 2.188032674361627, 2.103769084306117, 2.1656562251154563, 2.1489142712264067, 2.1430508910585084, 2.176855082723646, 2.2802050442348345, 2.1972573996938323]}