{"load_time": 11.505532503128052, "train_time": [9396.350428819656, 9132.726986646652, 8373.334708929062, 8374.589107751846, 8840.197743415833, 8399.315337181091, 8399.451609611511, 8414.03020787239], "val_time": [1111.840806722641, 1200.25053191185, 1108.20534491539, 1109.8026537895203, 1113.1426529884338, 1108.8207850456238, 1108.4787752628326, 1112.8645958900452], "train_acc": [0.2415835102813198, 0.4217128931820932, 0.5272325701649192, 0.5919185195779653, 0.6400107819083978, 0.6812763359114563, 0.7154648872850494, 0.7462730903369896], "val_acc": [0.3473219840506759, 0.42808664668287993, 0.5007823841034632, 0.5523443244160399, 0.5687084063872707, 0.5657485436344099, 0.5652960805384311, 0.5887298983843297], "train_loss": [2.9740050751135563, 2.1140454626407577, 1.6912263491674746, 1.4444474825749325, 1.2604303191891546, 1.1076260897655699, 0.9796384853838594, 0.8663949109613895], "val_loss": [2.5321512885202977, 2.184845421310465, 1.9101085906446125, 1.6310190841897119, 1.5993851483704025, 1.666562838536048, 1.7416065601840958, 1.6162766991823516]}