Epoch_number, training_objective_function
0,            0.207480
1,            0.194710
2,            0.193224
3,            0.192867
4,            0.192758
