Epoch_number, training_objective_function
0,            0.220114
1,            0.209968
2,            0.209483
3,            0.209281
4,            0.209172
