Epoch_number, training_objective_function
0,            0.0609205
1,            0.107461
2,            0.118785
3,            0.126096
4,            0.125486
