{"load_time": 18.06294822692871, "train_time": [1815.71377658844, 1770.4089822769165, 1782.092172384262, 1786.0208361148834, 1793.4398171901703, 1788.799771308899, 1790.1254296302795, 1798.230576992035, 1797.2868740558624, 1807.0585186481476, 1816.4494683742523, 1826.7677760124207, 1802.175133228302, 1793.3518543243408, 1791.1720294952393, 1800.410501241684, 1790.4280252456665, 1783.546860218048, 1795.8113417625427, 1789.17787027359, 2077.429992198944, 1791.0792586803436, 1813.8578248023987, 1802.1326222419739, 1794.3345692157745, 1794.1890904903412, 1790.4810240268707, 1815.2912125587463, 1812.411708831787, 1810.1981918811798, 1812.9565076828003, 1811.3185131549835, 1815.3734917640686, 1814.5493519306183, 1815.4387769699097, 1823.8847658634186, 1815.7551183700562, 1814.0696403980255, 1797.8564445972443, 1799.6495954990387, 1796.062227010727, 1800.9652860164642, 1803.1570057868958, 1815.221356868744, 1817.3761858940125], "val_time": [105.2924747467041, 106.64945673942566, 108.26979565620422, 107.28795528411865, 104.8811604976654, 108.41363191604614, 107.70710563659668, 108.63389301300049, 108.0215277671814, 120.60102963447571, 111.18040227890015, 119.4021806716919, 106.69580459594727, 105.95681262016296, 105.47151589393616, 106.47308683395386, 105.92982769012451, 106.9211778640747, 107.59468579292297, 106.8869264125824, 107.8518283367157, 106.16995692253113, 106.49040222167969, 108.0582218170166, 109.2114040851593, 107.57838010787964, 107.52580237388611, 107.71756768226624, 119.02206420898438, 110.98533535003662, 107.33069896697998, 107.1014997959137, 109.02225136756897, 108.37087082862854, 107.95626425743103, 108.43861031532288, 107.50885725021362, 112.1900749206543, 107.77214694023132, 108.00307941436768, 107.44152474403381, 107.65192866325378, 112.75016808509827, 109.26937770843506, 107.64529800415039], "train_acc": [0.20493877416302686, 0.352947971791007, 0.4550570450969822, 0.5287150825696149, 0.5820497728097873, 0.6260328078069818, 0.6671800908760851, 0.704812251768563, 0.7390035536289923, 0.7726117522801536, 0.8022399964793768, 0.8281578339366068, 0.85082734644032, 0.8703860583323249, 0.8869054822703618, 0.9001160705444864, 0.9101801018780324, 0.9192924647662636, 0.9267655375001376, 0.9304704432684585, 0.9347199454303412, 0.9366672901103495, 0.9400586403793472, 0.9412275972847194, 0.9415879110602576, 0.9435765130428085, 0.9456806354724786, 0.9450397720396511, 0.9461179628794296, 0.9449077486715148, 0.9477462510864423, 0.9505599991198442, 0.94812856875667, 0.9482825960194955, 0.9481973309275742, 0.9524248291947675, 0.9489454633470125, 0.9523450650765185, 0.9518527279328441, 0.9516464414201313, 0.9534397588373142, 0.9523478155633547, 0.9520067551956697, 0.9532087179430759, 0.9549002673473205], "val_acc": [0.2876911185264785, 0.38301001074599855, 0.4751993665516656, 0.5128857719208944, 0.5405991365495918, 0.5343589163508852, 0.5576984710517882, 0.520935844503516, 0.5728559847670758, 0.556020587070867, 0.5724789321870934, 0.5588484814207341, 0.5540976189129574, 0.560168165450672, 0.5693871010312388, 0.5606206285466508, 0.5433893256414607, 0.563637049186509, 0.5649944384744453, 0.5560582923288653, 0.5599419339026828, 0.5590181550817261, 0.5524197349320362, 0.552042682352054, 0.5542672925739495, 0.5643157438304771, 0.5559828818128688, 0.5583771656957562, 0.5693682484022397, 0.558018965744773, 0.5628829440265445, 0.5638067228475011, 0.5738740267330279, 0.5536263031879796, 0.5509869351281036, 0.5567181343438342, 0.5475934619082631, 0.5598853760156853, 0.5561337028448617, 0.5603943969986614, 0.5599042286446845, 0.5579435552287767, 0.5626001545915578, 0.565786248892408, 0.5619968704635862], "train_loss": [3.1796227901193, 2.4224356773809905, 1.981412659405277, 1.688866724505892, 1.4829879359940035, 1.3109652351517846, 1.1575153691760043, 1.0158683168827238, 0.8882495949641224, 0.7687097762794461, 0.6632653071904577, 0.5693506981336175, 0.490739270916205, 0.4237325577751586, 0.3682106438800601, 0.3254911947200005, 0.29194565889958535, 0.26339657340035477, 0.24042068982896533, 0.22738626762592462, 0.21431036413573626, 0.2089661449748715, 0.19888451752164188, 0.194874060233831, 0.19481957997143784, 0.18939170858084559, 0.18238361476028894, 0.18376258225274472, 0.18144358790226647, 0.18452489529643715, 0.17685949474198048, 0.16816826227674012, 0.17546732683712443, 0.1760090527732415, 0.1749989875415076, 0.1620080729658294, 0.1716213358195341, 0.16288988623958914, 0.16393012044922795, 0.1647063308703482, 0.15941214694775466, 0.16215981171781005, 0.16345478333054117, 0.15993371175441748, 0.1543280367444905], "val_loss": [2.763460837169781, 2.372745251671756, 1.934833606617442, 1.796040080680958, 1.6981079952995797, 1.7532593851866352, 1.6762432477271816, 1.9786135317944216, 1.6909235418741608, 1.8861393412604335, 1.8425998790829978, 1.928238146986691, 1.9760027072326123, 1.9620048880702912, 1.9883748690796559, 2.1418066487722864, 2.2479405177327996, 2.136221169126731, 2.192884108772899, 2.16628492111284, 2.1840474990402114, 2.201522236076533, 2.281759227285627, 2.2855396165599005, 2.2212572233039163, 2.153294174901611, 2.195769359967677, 2.1858221447259294, 2.170129231820995, 2.1522475561291086, 2.214842985574026, 2.1307690814676703, 2.105716050444092, 2.188188062780801, 2.248539061297913, 2.1965042890484283, 2.308585455697322, 2.2235843175966, 2.2593217674188937, 2.1659414064862617, 2.178097605804123, 2.2168789011155523, 2.198071328089522, 2.186433951838888, 2.1996888756994677]}