{"load_time": 18.4451162815094, "train_time": [3226.210395336151, 3163.7187519073486, 3149.9950890541077, 3142.3984155654907, 3145.920390367508, 3193.3355691432953, 3187.3494403362274, 3121.4362955093384, 3119.0705647468567, 3215.189463853836, 3234.6829023361206, 3515.227463245392, 3158.9585614204407, 3122.5125102996826, 3128.595508337021, 3150.0225970745087, 3149.9246270656586, 3195.8066194057465, 3175.6545209884644, 3166.504535675049, 3164.949554204941, 3120.649636030197, 3115.9345152378082, 3139.159637451172], "val_time": [292.91532468795776, 282.06846022605896, 284.4111363887787, 281.48387932777405, 290.8899896144867, 284.3990638256073, 282.1401858329773, 281.28671884536743, 282.53275656700134, 284.38047909736633, 280.4839153289795, 282.62789249420166, 280.51680159568787, 281.7158372402191, 288.2098844051361, 292.0057473182678, 278.94875264167786, 282.4717299938202, 296.02684259414673, 282.0838396549225, 284.4098114967346, 282.1467750072479, 280.72395944595337, 285.26973962783813], "train_acc": [0.23115641468539933, 0.4102433630752643, 0.5185190278679326, 0.5852375870529084, 0.6336324029353195, 0.674911709372559, 0.7109540888737307, 0.7439599309077707, 0.7716435809138218, 0.7938537621158945, 0.8139268150462632, 0.8306112681944704, 0.8442949402044162, 0.8523511161475581, 0.8617110228510446, 0.8694536432948632, 0.8765554003058541, 0.8803455711660964, 0.8853459562342535, 0.8891416280681681, 0.8919306217200444, 0.8958528159484229, 0.8977231469970185, 0.8997612577426204], "val_acc": [0.3160831777991441, 0.4564787059555455, 0.5425786625944988, 0.5359425371868107, 0.5414097995965538, 0.5616198178836038, 0.578342099805818, 0.5532869558659955, 0.5773240578398657, 0.594574213374055, 0.5630337650585374, 0.5756838791169429, 0.5758912580359331, 0.5885413720943385, 0.5861659408404502, 0.5802085100767302, 0.57787078408084, 0.5821314782346398, 0.5650698489904418, 0.5766076579378995, 0.5754010896819561, 0.5571517448108139, 0.5738363214750297, 0.5760797843259242], "train_loss": [3.0299266430771787, 2.1645858778702376, 1.7284840877887397, 1.4719681191774368, 1.285583073301826, 1.1314249981815725, 0.9955993523964515, 0.8750421641785648, 0.7767818551205651, 0.69467073548936, 0.6259834039723542, 0.5698726642362103, 0.5224992113764637, 0.4900559728869752, 0.4588864618317906, 0.432626005180824, 0.41137895357113574, 0.39569665009476856, 0.38030150473377505, 0.3662860279017887, 0.3570343347427302, 0.3464368634172475, 0.33844907611314734, 0.32937302440995064], "val_loss": [2.672082145288317, 2.1848623613153997, 1.6664278538329178, 1.7502312510756302, 1.890137559564647, 1.6771913710419892, 1.6127545338155493, 1.7963044610238479, 1.6825155532762714, 1.6713417822942227, 1.8307632324752028, 1.768934836334788, 1.8139331540041148, 1.759713240884541, 1.7558945037954823, 1.8399512351044556, 1.8768284018673858, 1.830989515069598, 1.9568629851620936, 1.9193935378379356, 1.9170544946698789, 2.0277014392393276, 1.966158319727503, 1.9344683961877633]}