{"load_time": 13.416780471801758, "train_time": [2493.286157608032, 2450.6105427742004, 2472.32972741127, 2457.2826392650604, 2461.2162272930145, 2474.890037536621, 2450.7946808338165, 2464.6934490203857, 2453.9930489063263, 2455.7154536247253, 2559.008462905884, 2455.9163177013397, 2452.854986667633, 2510.46862077713, 2446.9892451763153, 2451.690307855606, 2466.239488363266, 2456.2768104076385, 7572.01021528244, 2493.784355401993, 2452.680645465851, 2447.7973465919495, 2444.1729085445404, 2463.0657782554626, 2461.6388664245605, 2451.480805873871, 2473.7970604896545, 2449.0799169540405, 2454.269284725189], "val_time": [290.88877272605896, 277.57839274406433, 277.49652552604675, 275.16152024269104, 273.83793473243713, 280.5417847633362, 273.1783540248871, 281.56901359558105, 275.9262595176697, 299.4548587799072, 275.23373460769653, 284.6236209869385, 465.9741587638855, 276.8993742465973, 274.3085558414459, 278.8171751499176, 275.92430114746094, 279.14321279525757, 451.73808884620667, 273.3745255470276, 278.84755516052246, 275.38199520111084, 279.2161273956299, 277.17677664756775, 301.1438658237457, 278.89559745788574, 295.5337333679199, 276.7476165294647, 283.0864369869232], "train_acc": [0.3634438295578317, 0.5576667070071403, 0.6309726821647431, 0.6749694695961185, 0.7059041950425226, 0.7290660446899101, 0.7495901774614107, 0.7680954528951625, 0.7828408128238699, 0.7959908903875986, 0.8081232878219445, 0.815348816740563, 0.8252368169165942, 0.8321102835201831, 0.8377515320211677, 0.8415774592102803, 0.8466961152123926, 0.8493008262462456, 0.8538721353679601, 0.8562375540470664, 0.8593731090403002, 0.862624184480653, 0.8643239853454061, 0.8660512910785209, 0.8693546257687611, 0.8698029551230568, 0.8726937167878714, 0.8736811415620565, 0.8752654219796904], "val_acc": [0.4831551759892917, 0.5670682276643478, 0.5843372358275362, 0.6052448013875535, 0.6107497690552948, 0.6053956224195464, 0.6051128329845596, 0.620892483456818, 0.6288482928944441, 0.627340082574515, 0.6246253039986426, 0.6235884094036913, 0.6206662519088287, 0.6193277152498916, 0.6089776219293781, 0.6242105461606621, 0.6219293780517693, 0.6128612635031955, 0.6315630714703165, 0.6168580208510077, 0.6115981373602549, 0.6150293158380936, 0.6217408517617782, 0.6128235582451973, 0.6172539260599891, 0.6235507041456931, 0.614086684388138, 0.6086948324943914, 0.6147842316611052], "train_loss": [2.407859912780252, 1.5792952428064724, 1.3004730476748825, 1.1378250034138708, 1.0247426103984956, 0.9392660257544848, 0.8635793014623151, 0.8006338005756387, 0.7453994608161473, 0.6980996304956993, 0.6569751532729899, 0.6290635591907666, 0.5983068013508426, 0.5732198335304118, 0.553791635162612, 0.5372750445056965, 0.5230082878271247, 0.5096039694503393, 0.4960015916496073, 0.48715137774401374, 0.4748941284742686, 0.4655671954044316, 0.45898127419007295, 0.45204640799893603, 0.44237979204200284, 0.44015244252537145, 0.430990976934312, 0.4249318240523928, 0.42076941453621236], "val_loss": [1.852840004987636, 1.561188819373058, 1.501533883405944, 1.438797450712803, 1.4000513028542874, 1.455643326599719, 1.454941774058645, 1.4292349938366373, 1.3798826956963641, 1.4159876649536318, 1.458248102728088, 1.449920844981226, 1.505384869292631, 1.490317969718727, 1.5838597696116667, 1.5476218243934592, 1.5040177347422656, 1.5652681181491432, 1.4737478162840767, 1.5502432690270371, 1.604653739362513, 1.6084398677414757, 1.5390539278449902, 1.635215046319921, 1.5844494998234055, 1.6151473609667462, 1.588824558545346, 1.6347897418411605, 1.6143016964828565]}