{"load_time": 12.556334018707275, "train_time": [2557.4430453777313, 2217.547634124756, 2203.8579998016357, 2190.839984893799, 2210.596922159195, 2221.360689640045, 2239.0022583007812, 2220.6684560775757, 2213.560831785202, 2256.7510135173798, 2298.815156698227, 2230.700861930847, 2350.2830667495728, 2216.149126291275, 2230.161082983017, 2184.2334554195404, 2179.4763185977936, 2197.6881909370422, 2204.3965780735016, 2209.9719066619873, 2197.0839941501617, 2206.975006580353, 2192.609117746353, 2169.103537797928, 2210.3657484054565, 2212.0542612075806, 2198.268311738968, 2180.2067148685455, 2220.501323223114, 2209.8888006210327, 2194.7685108184814, 2208.8252511024475, 2226.001061439514, 2199.344072341919, 2199.9588873386383], "val_time": [273.45665669441223, 212.74353194236755, 217.24450302124023, 212.08828139305115, 211.4303708076477, 213.12827587127686, 210.31852340698242, 212.85159182548523, 211.87378525733948, 230.97338914871216, 210.50802659988403, 407.0175197124481, 207.5433475971222, 216.93491888046265, 209.53073906898499, 210.96864581108093, 213.1995406150818, 213.0464904308319, 213.07054114341736, 212.0157027244568, 212.7287986278534, 211.47914910316467, 216.65259861946106, 209.6287076473236, 211.661780834198, 214.6657371520996, 208.96950578689575, 209.56493377685547, 207.98208355903625, 216.86361026763916, 212.22549891471863, 211.80117535591125, 208.9331955909729, 210.5725109577179, 209.2923812866211], "train_acc": [0.2205945452345065, 0.42282959083757826, 0.5230655826081216, 0.5693782799555521, 0.5989762687995775, 0.6179326240744611, 0.6356815156282662, 0.6494367002959524, 0.6601828523648686, 0.66920169870067, 0.677986753655397, 0.684425643338871, 0.6892197418943153, 0.6942146259888, 0.6983128513746933, 0.7021112736954441, 0.7059261989372119, 0.7081210874324756, 0.7121808060026624, 0.7135863047759453, 0.7154593863113771, 0.71699415796596, 0.7189525045933131, 0.7202259799984597, 0.721832264310783, 0.7231194921501106, 0.7243214548975169, 0.7248770532384232, 0.7272919806805804, 0.7270031795627826, 0.7279520975212612, 0.7292145709790633, 0.7302074967269206, 0.7307740970151717, 0.731701011078961], "val_acc": [0.2818845087947514, 0.4706747355918783, 0.48579454404916766, 0.503384046905341, 0.5215579812604868, 0.5504967667741266, 0.5820749203476425, 0.5294760854401146, 0.5891446562223102, 0.4800444922044379, 0.5640329543954905, 0.561808344173595, 0.5692174273702468, 0.5650132911034443, 0.5309842957600437, 0.5783798050638161, 0.5976848971589088, 0.5806044152857116, 0.5330580849499462, 0.5712535113021511, 0.5909733612352243, 0.5485926512452162, 0.5665026487943744, 0.5789642365627887, 0.5615067021096092, 0.5731010689440642, 0.5815658993646664, 0.5652206700224346, 0.579171615481779, 0.598043097109892, 0.5562279659898572, 0.5201817393435515, 0.5905963086552419, 0.5892012141093076, 0.5520238297230549], "train_loss": [3.119154930828197, 2.104954438349286, 1.71114949586945, 1.5350193163864294, 1.4266504674987293, 1.3484177018288386, 1.2854437264516265, 1.2364400347586229, 1.1924241523500523, 1.1599658528246777, 1.1288628921796688, 1.1033316743487183, 1.0859787010129878, 1.067043988322985, 1.0507251760622205, 1.0383545860708483, 1.0255013257894607, 1.0167721151240672, 1.0046154202011726, 0.9993980246920796, 0.9905425313190662, 0.9839309020201686, 0.978180469538183, 0.9737125372560359, 0.9688411006371838, 0.9625858034157581, 0.9593113187350998, 0.9570106325096972, 0.9487843422379487, 0.9488311084621789, 0.9445581672107579, 0.9423258393751108, 0.9384698178242092, 0.9362669471710988, 0.9323038487362203], "val_loss": [3.738876342198242, 1.9301541632690677, 1.9360831654501407, 1.8155963693232027, 1.7920647035605657, 1.648594929141288, 1.5268454533092795, 1.804191981710772, 1.5117412999281334, 2.112343760384797, 1.6242262846526248, 1.6255623799567847, 1.6434439553624183, 1.6371010314803502, 1.8306558727678832, 1.572803843384485, 1.5168272219688168, 1.5777049362839204, 1.8244612347806464, 1.6402566258866336, 1.5482798482283537, 1.7470258953919313, 1.671474697996286, 1.6017510630145435, 1.6836109080939443, 1.628323407131455, 1.5826820964341932, 1.6803804627688212, 1.6248970728668646, 1.5619689597061805, 1.7043293963654913, 1.9002344444825507, 1.5974243896214608, 1.601489578161402, 1.7947657721069954]}